TransactionID,...,   ,TenureMonths,AvgSpend,Churn
A1,z,foo,22,108.44,No
A2,y,baz,10,97.28,No
A3,y,bar,42,262.3,No
A4,z,foo,41,33.68,No
A5,z,bar,17,83.87,No
A6,x,baz,40,145.12,No
A7,,bar,16,62.34,No
A8,x,bar,25,54.66,No
A9,z,foo,6,225.52,No
A10,y,bar,48,63.88,No
A11,x,foo,53,68.96,No
A12,,bar,51,12.47,No
A13,z,foo,26,92.41,No
A14,y,baz,47,99.3,No
A15,y,foo,44,37.11,No
A16,z,bar,2,193.69,No
A17,x,foo,42,77.96,No
A18,x,baz,11,168.77,No
A19,y,bar,36,26.81,No
A20,y,bar,20,172.23,No
A21,z,foo,33,50.0,No
A22,x,baz,47,143.71,No
A23,z,baz,52,45.06,No
A24,x,foo,41,48.17,No
A25,z,baz,56,6.12,No
A26,y,foo,53,236.16,No
A27,z,foo,5,25.84,No
A28,y,bar,37,26.01,No
A29,z,baz,18,50.8,No
A30,y,foo,11,117.43,No
A31,y,baz,5,31.61,No
A32,z,baz,44,102.78,No
A33,y,bar,44,95.77,No
A34,x,baz,36,81.11,No
A35,x,foo,29,99.65,No
A36,x,baz,34,116.25,No
A37,z,bar,57,171.16,No
A38,z,bar,21,76.15,No
A39,x,foo,23,273.99,No
A40,x,foo,35,67.82,No
A41,x,bar,3,136.87,No
A42,z,foo,36,16.54,No
A43,z,baz,3,161.26,No
A44,z,foo,20,64.64,No
A45,x,baz,59,104.94,No
A46,y,bar,4,6.19,No
A47,y,bar,30,34.06,No
A48,z,bar,52,90.0,No
A49,x,foo,21,105.17,No
A50,z,foo,28,32.34,No
A51,z,foo,8,124.09,No
A52,z,baz,25,78.78,No
A53,y,bar,21,215.49,No
A54,x,baz,53,116.22,No
A55,z,bar,18,126.71,No
A56,z,baz,36,35.48,No
A57,y,bar,24,17.32,No
A58,x,baz,3,96.18,No
A59,z,baz,53,68.89,No
A60,y,bar,10,37.81,No
A61,x,bar,37,8.7,No
A62,x,bar,38,28.62,No
A63,x,bar,6,235.54,No
A64,x,bar,38,216.51,No
A65,,baz,50,53.32,No
A66,y,baz,22,67.28,No
A67,x,foo,30,150.81,No
A68,,baz,29,91.48,No
A69,z,baz,13,105.51,No
A70,z,bar,32,89.86,No
A71,x,foo,56,32.93,No
A72,z,baz,24,47.11,No
A73,y,baz,54,101.82,No
A74,,foo,24,125.52,No
A75,z,baz,21,128.89,No
A76,z,foo,42,42.53,No
A77,x,foo,0,41.7,No
A78,y,foo,28,48.7,No
A79,x,foo,38,218.74,No
A80,z,foo,59,94.37,No
A81,x,foo,6,14.91,No
A82,z,baz,59,298.74,No
A83,x,baz,47,42.52,No
A84,x,foo,27,67.97,No
A85,,bar,11,25.02,No
A86,y,bar,19,68.77,No
A87,y,baz,0,141.85,No
A88,y,bar,8,80.24,No
A89,z,foo,50,46.92,No
A90,z,bar,35,195.7,No
A91,z,foo,54,34.48,No
A92,x,foo,12,13.95,No
A93,y,foo,10,41.28,No
A94,z,baz,11,87.42,No
A95,x,baz,51,96.52,No
A96,z,foo,12,41.73,No
A97,,bar,39,74.2,No
A98,y,baz,54,177.03,No
A99,z,foo,3,27.19,No
A100,y,foo,18,30.86,No
A101,y,baz,51,184.97,No
A102,y,foo,12,243.1,No
A103,z,baz,33,169.06,No
A104,x,foo,26,209.17,No
A105,,foo,24,106.68,No
A106,,baz,4,64.35,No
A107,,foo,47,136.34,No
A108,z,baz,30,162.7,No
A109,z,baz,36,25.71,No
A110,x,foo,19,35.42,No
A111,z,foo,26,72.86,No
A112,x,bar,4,18.04,No
A113,,foo,56,31.5,No
A114,y,baz,34,48.41,No
A115,y,baz,11,41.43,No
A116,z,foo,16,7.48,No
A117,x,baz,22,122.77,No
A118,z,foo,13,75.72,No
A119,y,baz,20,116.91,No
A120,x,foo,5,38.93,No
A121,x,bar,9,99.7,No
A122,z,baz,47,243.18,No
A123,x,bar,37,117.19,No
A124,x,bar,29,33.05,No
A125,x,bar,21,33.49,No
A126,x,baz,43,105.41,No
A127,x,foo,43,27.2,No
A128,x,baz,21,11.23,No
A129,z,foo,0,34.09,No
A130,y,baz,4,126.82,No
A131,x,foo,51,303.74,No
A132,z,foo,48,128.05,No
A133,y,bar,29,246.76,No
A134,,bar,35,79.21,No
A135,z,bar,52,27.82,No
A136,,baz,21,150.87,No
A137,y,bar,3,62.21,No
A138,x,foo,59,19.86,No
A139,y,foo,11,62.46,No
A140,z,baz,12,89.98,No
A141,x,foo,32,54.51,No
A142,,baz,17,17.09,No
A143,z,foo,16,5.37,No
A144,,bar,14,38.34,No
A145,z,bar,2,52.82,No
A146,x,foo,19,15.7,No
A147,x,baz,21,65.87,No
A148,x,foo,31,89.21,No
A149,z,baz,15,105.52,No
A150,z,foo,32,136.17,No
A151,,foo,44,89.12,No
A152,,foo,43,67.56,No
A153,y,foo,49,145.18,No
A154,z,bar,17,34.97,No
A155,x,baz,54,41.98,No
A156,x,bar,37,177.76,No
A157,z,foo,54,78.96,No
A158,x,bar,6,72.31,No
A159,z,baz,5,208.04,No
A160,z,bar,11,52.26,No
A161,y,bar,52,42.5,No
A162,x,baz,2,37.69,No
A163,z,baz,54,14.76,No
A164,z,foo,46,59.15,No
A165,,foo,41,134.15,No
A166,z,bar,42,154.73,No
A167,y,baz,43,237.72,No
A168,x,baz,38,243.34,No
A169,,foo,7,49.93,No
A170,z,foo,33,22.94,No
A171,,foo,40,33.66,No
A172,x,bar,36,94.23,No
A173,,bar,12,125.54,No
A174,z,bar,6,46.12,No
A175,x,bar,59,136.64,No
A176,z,baz,11,89.74,No
A177,y,foo,0,219.91,No
A178,z,foo,38,80.76,No
A179,z,bar,2,33.42,No
A180,x,foo,51,142.8,No
A181,y,foo,19,48.63,No
A182,x,bar,19,126.95,No
A183,y,bar,31,27.43,No
A184,z,bar,25,71.36,No
A185,y,bar,4,103.47,No
A186,x,bar,18,78.76,No
A187,z,baz,25,125.14,No
A188,,baz,48,129.04,No
A189,z,bar,2,70.7,No
A190,y,foo,45,260.88,No
A191,x,baz,2,203.4,No
A192,y,bar,13,158.36,No
A193,,bar,51,107.24,No
A194,x,baz,3,80.83,No
A195,x,bar,25,174.59,No
A196,z,baz,26,148.88,No
A197,z,baz,33,130.45,No
A198,y,foo,58,321.73,No
A199,z,baz,45,206.56,No
A200,y,foo,34,101.24,No
A201,y,foo,14,26.46,No
A202,z,baz,26,57.32,No
A203,x,foo,4,214.12,No
A204,,baz,17,155.27,No
A205,x,foo,30,62.11,No
A206,y,foo,54,136.23,No
A207,x,bar,31,42.54,No
A208,x,bar,20,108.61,No
A209,z,baz,10,61.62,No
A210,z,foo,17,78.61,No
A211,z,bar,49,207.1,No
A212,z,foo,49,113.78,No
A213,y,bar,33,71.79,No
A214,x,foo,32,50.72,No
A215,z,baz,8,167.45,No
A216,z,bar,55,106.86,No
A217,x,baz,50,71.86,No
A218,y,bar,25,104.52,No
A219,z,bar,23,66.39,No
A220,y,baz,23,85.16,No
A221,,bar,9,210.15,No
A222,y,foo,10,116.57,No
A223,z,baz,11,92.01,No
A224,y,foo,57,55.22,No
A225,y,baz,23,132.36,No
A226,x,foo,38,199.3,No
A227,z,foo,48,63.87,No
A228,z,bar,52,88.26,No
A229,x,baz,27,53.04,No
A230,y,bar,27,201.56,No
A231,z,bar,39,133.9,No
A232,z,foo,13,29.04,No
A233,y,bar,10,42.93,No
A234,,baz,45,73.07,No
A235,,baz,27,151.95,No
A236,z,foo,30,148.82,No
A237,y,bar,7,169.61,No
A238,,bar,10,151.44,No
A239,z,foo,48,240.65,No
A240,z,baz,35,51.43,No
A241,x,foo,3,29.67,No
A242,,foo,48,32.64,No
A243,y,baz,18,217.44,No
A244,z,foo,51,226.41,No
A245,x,bar,58,114.77,No
A246,y,bar,8,19.9,No
A247,,bar,24,56.82,No
A248,z,foo,42,120.67,No
A249,y,bar,21,87.5,No
A250,z,bar,15,132.15,No
A251,y,bar,41,23.98,No
A252,z,bar,9,77.5,No
A253,z,baz,50,31.01,No
A254,y,baz,16,89.36,No
A255,z,baz,54,65.53,No
A256,z,bar,52,38.98,No
A257,z,baz,2,101.93,No
A258,y,baz,40,84.83,No
A259,y,baz,14,41.23,No
A260,y,baz,13,32.79,No
A261,x,bar,30,52.95,No
A262,,bar,32,78.49,No
A263,,baz,17,80.7,No
A264,x,baz,14,49.52,No
A265,y,foo,45,35.48,No
A266,x,baz,20,142.08,No
A267,z,baz,12,32.19,No
A268,x,baz,18,127.52,No
A269,x,bar,18,91.54,No
A270,x,baz,18,88.01,No
A271,,bar,40,102.86,No
A272,y,foo,23,105.32,No
A273,x,foo,20,38.65,No
A274,y,foo,33,30.64,No
A275,y,bar,16,21.0,No
A276,y,foo,46,78.71,No
A277,x,baz,10,72.5,No
A278,y,bar,27,288.77,No
A279,,baz,2,242.04,No
A280,,baz,0,68.89,No
A281,y,baz,1,64.84,No
A282,y,foo,30,49.78,No
A283,y,baz,54,55.95,No
A284,x,foo,52,60.13,No
A285,,baz,59,103.33,No
A286,z,bar,31,196.03,No
A287,z,baz,54,370.23,No
A288,x,foo,20,21.11,No
A289,x,foo,46,100.39,No
A290,y,baz,31,62.44,No
A291,y,foo,25,126.97,No
A292,z,foo,32,19.6,No
A293,z,foo,43,113.81,No
A294,y,baz,42,93.03,No
A295,x,bar,6,84.54,No
A296,y,foo,25,90.7,No
A297,x,foo,34,74.44,No
A298,z,bar,43,135.73,No
A299,x,foo,49,67.74,No
A300,y,foo,6,210.78,No
A301,y,foo,15,52.11,No
A302,z,baz,57,90.45,No
A303,y,baz,36,147.42,No
A304,x,baz,41,210.64,No
A305,x,foo,57,89.68,No
A306,,baz,17,155.03,No
A307,z,bar,1,48.15,No
A308,x,foo,42,50.88,No
A309,y,baz,1,172.72,No
A310,y,baz,54,90.91,No
A311,y,baz,44,261.0,No
A312,x,baz,49,136.68,No
A313,y,bar,3,33.47,No
A314,y,baz,49,69.7,No
A315,x,foo,7,206.11,No
A316,z,foo,42,28.32,No
A317,y,foo,33,23.18,No
A318,x,bar,37,99.95,No
A319,z,foo,32,30.75,No
A320,x,foo,25,88.41,No
A321,y,foo,38,34.64,No
A322,z,foo,36,34.69,No
A323,,baz,46,172.67,No
A324,x,baz,55,256.76,No
A325,z,bar,57,138.84,No
A326,x,baz,42,11.11,No
A327,z,foo,5,104.71,No
A328,y,baz,33,62.39,No
A329,x,baz,34,49.4,No
A330,z,foo,45,216.88,No
A331,x,baz,14,82.38,No
A332,,foo,37,51.58,No
A333,y,baz,28,118.04,No
A334,x,foo,47,130.92,No
A335,,baz,18,91.45,No
A336,x,foo,0,60.21,No
A337,x,foo,4,137.05,No
A338,x,baz,55,49.79,No
A339,y,baz,53,79.17,No
A340,z,baz,11,63.49,No
A341,z,bar,52,260.58,No
A342,x,foo,46,17.73,No
A343,z,bar,49,28.65,No
A344,x,foo,10,182.46,No
A345,z,foo,58,142.27,No
A346,z,foo,11,28.76,No
A347,z,baz,57,150.48,No
A348,z,bar,32,179.27,No
A349,z,bar,23,63.03,No
A350,z,bar,23,31.12,No
A351,y,foo,26,82.7,No
A352,y,bar,18,15.6,No
A353,y,foo,29,165.32,No
A354,y,bar,34,27.0,No
A355,x,bar,8,31.16,No
A356,z,baz,39,105.27,No
A357,x,bar,26,12.46,No
A358,y,foo,44,36.39,No
A359,y,bar,42,96.57,No
A360,z,baz,44,114.85,No
A361,x,foo,7,100.05,No
A362,x,foo,31,349.72,No
A363,x,bar,18,215.55,No
A364,y,baz,26,62.05,No
A365,x,baz,57,36.42,No
A366,y,foo,21,137.88,No
A367,x,foo,10,96.87,No
A368,z,baz,33,33.62,No
A369,x,foo,26,70.65,No
A370,z,baz,22,22.1,No
A371,x,foo,34,16.97,No
A372,,bar,13,91.82,No
A373,,bar,10,54.65,No
A374,z,bar,59,4.37,No
A375,z,baz,45,321.86,No
A376,z,baz,20,100.63,No
A377,,baz,51,108.82,No
A378,y,foo,6,185.62,No
A379,z,bar,48,112.32,No
A380,x,baz,45,49.6,No
A381,z,bar,19,51.43,No
A382,,baz,40,115.58,No
A383,,foo,5,43.97,No
A384,,baz,24,47.86,No
A385,x,bar,56,72.23,No
A386,y,baz,0,88.77,No
A387,x,foo,3,347.99,No
A388,z,bar,37,73.93,No
A389,y,foo,59,56.27,No
A390,,baz,38,256.18,No
A391,,foo,27,85.2,No
A392,y,foo,3,133.68,No
A393,,foo,5,70.45,No
A394,z,baz,28,66.75,No
A395,y,foo,47,87.82,No
A396,z,foo,41,61.56,No
A397,x,foo,11,62.52,No
A398,x,baz,42,52.95,No
A399,,baz,25,94.44,No
A400,,baz,30,338.72,No
A401,z,foo,33,17.8,No
A402,z,bar,37,29.01,No
A403,x,foo,39,149.21,No
A404,,baz,57,156.0,No
A405,x,foo,48,70.33,No
A406,y,foo,6,133.11,No
A407,y,baz,40,90.68,No
A408,z,bar,58,58.98,No
A409,z,bar,29,86.03,No
A410,y,foo,25,199.92,No
A411,z,baz,54,117.67,No
A412,y,bar,51,87.53,No
A413,y,foo,5,29.15,No
A414,x,baz,37,132.67,No
A415,x,baz,31,73.92,No
A416,x,baz,49,37.16,No
A417,x,baz,28,61.76,No
A418,x,foo,58,87.65,No
A419,x,foo,14,24.24,No
A420,,foo,0,79.83,No
A421,z,foo,56,18.66,No
A422,z,baz,26,47.48,No
A423,y,baz,3,54.75,No
A424,x,foo,27,247.69,No
A425,,foo,53,2.57,No
A426,z,bar,38,83.52,No
A427,,foo,7,25.41,No
A428,z,baz,11,68.75,No
A429,x,foo,20,197.82,No
A430,y,baz,16,41.65,No
A431,x,bar,19,81.44,No
A432,x,bar,5,29.34,No
A433,z,baz,16,22.82,No
A434,z,baz,26,29.36,No
A435,x,bar,37,207.94,No
A436,x,bar,49,97.88,No
A437,x,foo,20,244.92,No
A438,x,bar,45,53.4,No
A439,x,foo,18,48.46,No
A440,x,foo,49,57.24,No
A441,z,baz,53,97.37,No
A442,y,baz,0,97.35,No
A443,x,foo,19,51.13,No
A444,x,bar,25,114.24,No
A445,z,baz,48,72.79,No
A446,,foo,40,93.75,No
A447,,foo,8,148.15,No
A448,z,foo,42,143.46,No
A449,z,baz,59,125.94,No
A450,x,baz,26,129.84,No
A451,z,baz,41,56.72,No
A452,z,foo,18,110.98,No
A453,y,foo,34,107.29,No
A454,z,bar,6,168.79,No
A455,y,baz,53,143.63,No
A456,,foo,7,190.0,No
A457,z,bar,13,92.71,No
A458,y,bar,27,82.74,No
A459,,foo,7,55.24,No
A460,,baz,16,76.19,No
A461,z,foo,11,52.64,No
A462,x,bar,38,123.05,No
A463,z,baz,4,78.06,No
A464,,baz,45,150.84,No
A465,x,baz,16,94.91,No
A466,z,bar,18,33.06,No
A467,z,bar,10,31.61,No
A468,y,foo,53,116.81,No
A469,x,bar,48,48.78,No
A470,z,foo,46,79.21,No
A471,y,baz,57,50.86,No
A472,,bar,19,100.32,No
A473,y,baz,16,79.55,No
A474,z,foo,50,58.37,No
A475,z,baz,42,62.62,No
A476,y,baz,21,239.76,No
A477,x,foo,54,198.58,No
A478,z,bar,56,40.32,No
A479,x,foo,21,105.36,No
A480,z,foo,44,104.84,No
A481,y,baz,58,157.05,No
A482,y,baz,33,67.83,No
A483,y,foo,20,181.46,No
A484,y,bar,27,183.56,No
A485,x,bar,18,83.62,No
A486,,bar,37,67.15,No
A487,z,baz,56,188.91,No
A488,x,foo,32,195.8,No
A489,y,foo,34,219.78,No
A490,x,foo,20,50.91,No
A491,x,baz,52,27.06,No
A492,y,bar,32,62.46,No
A493,y,foo,54,147.66,No
A494,,baz,4,87.61,No
A495,z,foo,23,84.11,No
A496,z,bar,20,58.01,No
A497,x,bar,39,38.22,No
A498,y,bar,58,185.23,No
A499,x,baz,14,14.63,No
A500,,foo,43,65.43,No
A501,z,bar,44,66.75,No
A502,z,foo,16,75.18,No
A503,y,baz,17,91.09,No
A504,y,foo,12,96.22,No
A505,y,bar,1,204.77,No
A506,z,bar,17,28.64,No
A507,z,baz,22,82.01,No
A508,,baz,44,78.45,No
A509,y,foo,53,47.56,No
A510,x,baz,14,145.09,No
A511,y,foo,36,71.92,No
A512,z,bar,36,246.31,No
A513,y,foo,42,139.25,No
A514,y,foo,26,94.05,No
A515,z,baz,23,171.03,No
A516,,bar,54,82.28,No
A517,z,foo,31,53.27,No
A518,y,bar,52,117.99,No
A519,y,bar,53,43.92,No
A520,z,foo,24,47.6,No
A521,y,foo,54,33.95,No
A522,y,baz,8,100.86,No
A523,y,bar,47,157.84,No
A524,y,baz,53,51.52,No
A525,x,baz,22,17.06,No
A526,z,baz,43,120.62,No
A527,z,bar,1,141.5,No
A528,z,baz,12,109.4,No
A529,z,baz,10,8.73,No
A530,,bar,20,166.0,No
A531,z,baz,18,31.93,No
A532,y,bar,56,112.72,No
A533,x,bar,50,88.63,No
A534,x,bar,10,190.33,No
A535,x,bar,21,53.68,No
A536,y,foo,58,38.95,No
A537,z,foo,52,149.67,No
A538,y,baz,43,165.29,No
A539,z,baz,25,31.83,No
A540,x,foo,13,69.18,No
A541,x,baz,50,92.39,No
A542,y,foo,14,55.12,No
A543,x,baz,28,33.61,No
A544,z,baz,42,194.64,No
A545,x,bar,8,154.27,No
A546,y,baz,6,88.44,No
A547,z,baz,47,92.04,No
A548,x,bar,12,167.6,No
A549,z,bar,48,39.6,No
A550,,bar,21,40.87,No
A551,x,bar,32,66.43,No
A552,z,baz,25,104.12,No
A553,z,bar,59,9.12,No
A554,y,baz,1,59.14,No
A555,x,bar,37,186.56,No
A556,x,foo,21,128.78,No
A557,,baz,52,9.44,No
A558,z,baz,46,123.15,No
A559,y,foo,51,47.53,No
A560,z,foo,38,69.22,No
A561,y,foo,22,148.86,No
A562,y,foo,25,81.53,No
A563,x,bar,30,11.0,No
A564,y,bar,8,145.94,No
A565,y,baz,26,66.87,No
A566,z,foo,14,29.83,No
A567,x,foo,51,268.78,No
A568,z,bar,50,163.0,No
A569,x,foo,47,126.62,No
A570,z,baz,21,52.88,No
A571,,baz,55,58.6,No
A572,z,bar,51,138.81,No
A573,z,foo,47,163.51,No
A574,z,bar,10,91.05,No
A575,z,bar,4,211.59,No
A576,z,baz,55,59.76,No
A577,y,bar,17,143.38,No
A578,x,baz,37,67.1,No
A579,x,bar,7,43.87,No
A580,z,baz,29,39.01,No
A581,z,foo,57,32.92,No
A582,y,baz,28,57.54,No
A583,,baz,17,32.31,No
A584,,foo,13,197.82,No
A585,y,bar,53,96.86,No
A586,z,foo,22,99.17,No
A587,y,baz,21,97.79,No
A588,,bar,59,187.87,No
A589,x,foo,9,235.22,No
A590,x,bar,8,101.35,No
A591,z,bar,30,46.66,No
A592,x,bar,16,107.09,No
A593,x,foo,56,73.82,No
A594,y,bar,59,72.93,No
A595,x,bar,36,165.72,No
A596,,bar,51,363.16,No
A597,z,foo,44,69.85,No
A598,x,bar,50,146.02,No
A599,y,bar,1,96.81,No
A600,z,bar,44,47.35,No
A601,y,baz,59,101.74,No
A602,x,bar,6,29.82,No
A603,x,foo,8,201.25,No
A604,y,foo,45,49.42,No
A605,,foo,45,148.26,No
A606,z,bar,2,50.99,No
A607,,foo,54,69.23,No
A608,z,foo,49,76.09,No
A609,y,bar,12,19.67,No
A610,,foo,29,66.23,No
A611,x,baz,52,125.61,No
A612,z,bar,6,171.19,No
A613,,foo,5,91.26,No
A614,z,foo,40,17.24,No
A615,z,bar,58,144.41,No
A616,x,baz,0,29.89,No
A617,z,foo,24,104.18,No
A618,z,baz,43,45.45,No
A619,y,bar,28,31.3,No
A620,y,bar,20,106.71,No
A621,x,bar,37,58.33,No
A622,,baz,40,26.41,No
A623,x,foo,45,187.76,No
A624,x,baz,11,120.2,No
A625,y,baz,43,145.9,No
A626,,bar,51,68.66,No
A627,y,foo,25,33.71,No
A628,x,baz,54,118.68,No
A629,z,foo,18,31.13,No
A630,x,foo,46,250.33,No
A631,x,bar,1,205.22,No
A632,z,foo,15,32.5,No
A633,y,bar,10,41.65,No
A634,x,foo,35,83.93,No
A635,x,bar,30,112.55,No
A636,z,baz,32,58.73,No
A637,,foo,37,114.56,No
A638,y,baz,0,79.06,No
A639,,bar,45,70.99,No
A640,,foo,4,94.59,No
A641,y,foo,52,81.04,No
A642,z,bar,0,169.85,No
A643,z,bar,24,35.68,No
A644,,bar,55,201.56,No
A645,z,bar,51,173.65,No
A646,z,baz,37,192.79,No
A647,x,bar,19,213.93,No
A648,z,foo,44,170.39,No
A649,x,bar,21,36.84,No
A650,x,bar,11,72.45,No
A651,x,foo,21,28.81,No
A652,y,baz,59,72.09,No
A653,x,foo,39,179.88,No
A654,y,bar,0,74.2,No
A655,z,baz,25,64.58,No
A656,x,bar,4,50.25,No
A657,,foo,26,46.15,No
A658,x,baz,19,127.35,No
A659,z,foo,33,172.48,No
A660,z,bar,14,87.46,No
A661,z,bar,27,122.28,No
A662,z,baz,29,99.01,No
A663,x,baz,53,116.22,No
A664,y,bar,44,73.63,No
A665,x,foo,51,59.53,No
A666,z,foo,52,171.09,No
A667,z,foo,39,27.35,No
A668,y,foo,0,33.4,No
A669,y,foo,40,4.54,No
A670,y,baz,37,233.93,No
A671,z,bar,11,88.05,No
A672,z,foo,39,201.52,No
A673,z,foo,40,42.52,No
A674,z,baz,1,73.19,No
A675,y,bar,44,90.36,No
A676,z,bar,10,70.27,No
A677,x,bar,5,30.88,No
A678,z,bar,26,58.29,No
A679,,foo,11,43.72,No
A680,x,baz,21,57.28,No
A681,z,foo,31,233.52,No
A682,y,bar,31,91.73,No
A683,z,baz,26,81.36,No
A684,,bar,5,46.55,No
A685,x,bar,37,19.22,No
A686,x,foo,45,33.49,No
A687,x,foo,37,71.41,No
A688,z,foo,3,71.21,No
A689,z,bar,35,104.2,No
A690,x,baz,21,212.78,No
A691,y,bar,36,281.36,No
A692,z,baz,52,131.31,No
A693,z,baz,11,31.73,No
A694,,foo,54,127.06,No
A695,x,foo,11,91.16,No
A696,,baz,16,71.83,No
A697,y,baz,41,27.62,No
A698,z,baz,0,44.05,No
A699,z,bar,51,102.07,No
A700,y,baz,10,27.62,No
A701,z,bar,13,39.6,No
A702,z,baz,43,57.25,No
A703,z,bar,34,74.73,No
A704,,baz,32,26.93,No
A705,x,foo,7,111.83,No
A706,z,baz,51,128.43,No
A707,x,foo,40,122.69,No
A708,z,baz,0,203.5,No
A709,x,baz,51,36.15,No
A710,y,baz,23,234.53,No
A711,x,baz,58,289.55,No
A712,x,baz,42,73.45,No
A713,y,baz,16,209.18,No
A714,z,baz,25,139.91,No
A715,x,foo,41,60.61,No
A716,z,bar,49,130.34,No
A717,y,foo,57,139.39,No
A718,x,foo,7,100.51,No
A719,z,foo,48,74.07,No
A720,y,bar,19,56.72,No
A721,z,foo,29,85.92,No
A722,x,foo,7,15.41,No
A723,z,bar,55,153.56,No
A724,x,baz,35,67.45,No
A725,z,bar,32,258.53,No
A726,z,baz,41,119.74,No
A727,y,baz,33,17.45,No
A728,z,baz,45,76.98,No
A729,x,bar,54,29.83,No
A730,,foo,49,140.35,No
A731,x,foo,3,200.62,No
A732,x,bar,8,49.16,No
A733,y,baz,4,24.7,No
A734,z,bar,24,133.15,No
A735,y,baz,37,45.79,No
A736,z,baz,14,67.17,No
A737,x,bar,32,96.98,No
A738,x,baz,28,98.69,No
A739,y,foo,38,99.8,No
A740,z,baz,47,50.42,No
A741,x,foo,38,75.65,No
A742,y,bar,44,89.92,No
A743,,foo,56,41.31,No
A744,,foo,34,129.31,No
A745,y,baz,52,39.23,No
A746,x,bar,22,88.51,No
A747,y,baz,32,11.59,No
A748,z,baz,6,112.77,No
A749,x,foo,19,35.9,No
A750,z,baz,31,25.86,No
A751,z,baz,8,45.37,No
A752,,foo,27,131.72,No
A753,z,foo,10,12.23,No
A754,z,bar,9,109.05,No
A755,x,baz,59,91.16,No
A756,x,bar,27,18.44,No
A757,x,bar,55,54.68,No
A758,x,bar,46,20.19,No
A759,z,baz,54,159.92,No
A760,z,baz,22,134.1,No
A761,,bar,33,34.35,No
A762,z,baz,16,69.0,No
A763,y,bar,41,68.87,No
A764,y,baz,50,187.97,No
A765,y,bar,16,88.81,No
A766,z,foo,10,73.8,No
A767,x,foo,30,75.41,No
A768,z,foo,6,292.82,No
A769,y,baz,54,139.25,No
A770,y,bar,32,191.17,No
A771,x,bar,54,231.26,No
A772,y,foo,39,73.99,No
A773,z,baz,27,47.11,No
A774,z,baz,15,23.59,No
A775,x,foo,0,13.85,No
A776,x,baz,29,160.75,No
A777,z,baz,50,202.03,No
A778,z,foo,35,84.94,No
A779,y,foo,42,85.44,No
A780,x,baz,18,170.46,No
A781,x,bar,23,69.03,No
A782,y,baz,39,64.64,No
A783,x,foo,40,175.43,No
A784,z,foo,8,213.28,No
A785,x,bar,53,115.58,No
A786,z,foo,34,170.01,No
A787,y,baz,30,117.45,No
A788,x,baz,30,89.56,No
A789,x,foo,55,170.55,No
A790,z,bar,33,111.85,No
A791,z,baz,16,27.5,No
A792,z,bar,26,33.85,No
A793,y,foo,11,44.74,No
A794,z,bar,15,42.4,No
A795,z,foo,52,65.37,No
A796,z,foo,59,46.45,No
A797,z,baz,48,206.67,No
A798,x,bar,38,358.15,No
A799,y,bar,58,44.0,No
A800,x,baz,23,51.85,No
A801,y,baz,45,94.93,No
A802,z,bar,54,92.89,No
A803,z,foo,36,168.51,No
A804,y,baz,17,195.1,No
A805,y,baz,7,26.3,No
A806,x,foo,0,30.45,No
A807,z,baz,21,62.33,No
A808,y,bar,1,77.26,No
A809,y,baz,17,40.75,No
A810,y,bar,8,149.7,No
A811,x,baz,53,39.34,No
A812,y,foo,32,97.43,No
A813,x,foo,22,63.93,No
A814,y,foo,3,52.31,No
A815,,baz,6,60.68,No
A816,,bar,37,71.95,No
A817,z,bar,24,115.28,No
A818,y,foo,35,211.28,No
A819,x,foo,58,169.37,No
A820,y,baz,45,38.83,No
A821,z,baz,59,66.47,No
A822,x,bar,31,24.65,No
A823,x,foo,56,55.53,No
A824,y,bar,52,100.45,No
A825,x,foo,14,86.97,No
A826,z,foo,3,43.81,No
A827,x,foo,12,57.08,No
A828,x,baz,53,50.38,No
A829,y,bar,12,197.75,No
A830,y,foo,31,37.95,No
A831,z,baz,56,302.88,No
A832,z,bar,31,290.56,No
A833,x,foo,52,128.07,No
A834,y,baz,42,29.41,No
A835,,baz,13,111.98,No
A836,x,baz,13,64.09,No
A837,,foo,37,230.48,No
A838,z,baz,7,92.5,No
A839,z,baz,53,98.51,No
A840,y,foo,49,73.32,No
A841,y,baz,22,41.39,No
A842,y,baz,13,19.08,No
A843,z,foo,0,200.69,No
A844,y,foo,4,218.69,No
A845,y,baz,45,94.65,No
A846,z,foo,7,206.76,No
A847,x,bar,30,62.76,No
A848,y,foo,17,38.52,No
A849,z,foo,26,89.73,No
A850,x,bar,30,133.99,No
A851,z,bar,21,160.68,No
A852,y,baz,40,128.13,No
A853,y,foo,42,96.28,No
A854,z,bar,44,71.45,No
A855,y,foo,54,43.94,No
A856,x,foo,42,17.1,No
A857,z,bar,7,50.93,No
A858,y,foo,48,23.78,No
A859,x,foo,21,61.33,No
A860,y,baz,27,66.47,No
A861,y,baz,37,279.45,No
A862,y,foo,52,92.22,No
A863,x,baz,34,62.79,No
A864,x,foo,32,51.69,No
A865,y,bar,9,111.22,No
A866,,baz,51,27.43,No
A867,z,bar,29,69.86,No
A868,x,bar,32,8.17,No
A869,z,bar,26,78.96,No
A870,x,bar,25,198.14,No
A871,x,bar,11,208.27,No
A872,x,foo,33,70.1,No
A873,x,foo,33,55.45,No
A874,z,bar,51,121.8,No
A875,z,bar,52,59.31,No
A876,z,bar,32,277.62,No
A877,y,foo,49,63.68,No
A878,x,baz,24,97.22,No
A879,z,foo,20,116.23,No
A880,,foo,34,37.38,No
A881,x,foo,37,116.93,No
A882,,bar,38,27.48,No
A883,y,foo,41,54.74,No
A884,y,bar,4,196.28,No
A885,y,baz,50,69.42,No
A886,y,bar,5,61.69,No
A887,z,baz,30,58.95,No
A888,y,bar,54,26.53,No
A889,y,foo,1,59.13,No
A890,z,baz,12,107.35,No
A891,z,foo,54,26.4,No
A892,y,bar,37,42.26,No
A893,z,foo,37,70.22,No
A894,z,baz,8,61.64,No
A895,x,foo,5,202.82,No
A896,y,foo,5,21.27,No
A897,y,foo,54,41.18,No
A898,z,baz,16,36.39,No
A899,y,foo,46,56.39,No
A900,y,bar,14,293.38,No
A901,y,bar,6,90.17,No
A902,x,baz,41,84.31,No
A903,y,baz,33,28.54,No
A904,x,bar,20,164.93,No
A905,x,baz,29,99.65,No
A906,x,baz,17,65.7,No
A907,y,baz,13,9.76,No
A908,x,foo,9,37.05,No
A909,z,foo,59,130.66,No
A910,,bar,51,152.98,No
A911,,bar,23,38.26,No
A912,y,baz,15,49.06,No
A913,x,foo,13,222.2,No
A914,,bar,32,41.91,No
A915,y,foo,44,130.8,No
A916,x,baz,57,61.45,No
A917,z,foo,29,27.84,No
A918,x,bar,34,139.5,No
A919,x,bar,16,70.83,No
A920,z,foo,51,62.96,No
A921,z,bar,58,29.21,No
A922,y,bar,27,184.04,No
A923,y,bar,55,7.99,No
A924,y,bar,23,81.05,No
A925,z,foo,16,43.26,No
A926,z,baz,56,99.37,No
A927,z,foo,14,106.31,No
A928,y,bar,41,68.83,No
A929,,bar,54,113.32,No
A930,x,baz,35,49.27,No
A931,x,foo,43,21.02,No
A932,z,foo,51,16.23,No
A933,y,baz,45,81.37,No
A934,x,bar,20,163.32,No
A935,x,bar,14,162.7,No
A936,y,foo,13,69.55,No
A937,z,bar,30,38.05,No
A938,z,baz,25,58.68,No
A939,z,foo,2,153.97,No
A940,z,foo,11,63.41,No
A941,x,baz,17,20.31,No
A942,x,baz,20,131.35,No
A943,y,foo,47,61.44,No
A944,y,baz,57,53.22,No
A945,y,baz,42,138.08,No
A946,z,baz,24,124.08,No
A947,y,foo,34,121.46,No
A948,y,bar,50,24.81,No
A949,z,foo,45,19.69,No
A950,y,foo,23,182.88,No
A951,z,bar,48,139.11,No
A952,z,bar,23,6.89,No
A953,x,bar,1,81.32,No
A954,y,baz,42,108.44,No
A955,x,foo,25,100.58,No
A956,y,bar,12,17.5,No
A957,x,baz,20,61.28,No
A958,y,foo,14,305.32,No
A959,y,baz,50,151.45,No
A960,y,foo,25,153.13,No
A961,x,baz,32,40.69,No
A962,z,foo,33,55.43,No
A963,z,foo,35,40.45,No
A964,y,bar,28,50.47,No
A965,z,bar,27,97.39,No
A966,y,baz,57,87.83,No
A967,z,baz,55,49.05,No
A968,x,bar,16,59.53,No
A969,z,baz,51,111.43,No
A970,x,bar,35,128.57,No
A971,x,baz,4,76.84,No
A972,z,baz,26,178.16,No
A973,z,bar,49,244.12,No
A974,z,baz,56,97.57,No
A975,z,bar,44,10.57,No
A976,x,foo,57,58.13,No
A977,x,baz,0,248.42,No
A978,x,foo,19,64.81,No
A979,y,foo,23,343.57,No
A980,y,bar,48,72.46,No
A981,y,foo,7,113.1,No
A982,,baz,31,112.45,No
A983,x,baz,16,119.69,No
A984,x,baz,47,85.4,No
A985,y,bar,45,68.44,No
A986,y,baz,29,256.67,No
A987,x,bar,26,24.71,No
A988,x,baz,8,217.89,No
A989,z,bar,43,63.49,No
A990,x,bar,37,22.57,No
A991,z,baz,52,273.06,No
A992,z,baz,5,168.07,No
A993,z,bar,22,96.12,No
A994,z,foo,8,135.9,No
A995,z,bar,24,232.35,No
A996,x,foo,26,189.57,No
A997,y,baz,45,198.2,No
A998,y,bar,4,59.22,No
A999,x,baz,42,302.46,No
A1000,x,bar,1,258.58,No
A1001,,foo,24,227.92,No
A1002,z,foo,45,125.14,No
A1003,z,baz,49,20.43,No
A1004,x,foo,44,141.75,No
A1005,z,baz,48,43.67,No
A1006,x,bar,41,39.35,No
A1007,x,baz,14,47.52,No
A1008,z,bar,47,90.82,No
A1009,z,baz,6,114.14,No
A1010,x,bar,44,73.53,No
A1011,x,foo,36,35.62,No
A1012,x,baz,31,178.26,No
A1013,x,bar,43,129.02,No
A1014,z,baz,42,115.68,No
A1015,z,bar,35,64.49,No
A1016,x,bar,20,67.03,No
A1017,z,foo,8,70.07,No
A1018,z,bar,53,82.75,No
A1019,z,bar,58,59.33,No
A1020,y,foo,0,148.56,No
A1021,y,bar,22,61.37,No
A1022,z,bar,35,62.75,No
A1023,y,foo,49,32.3,No
A1024,,foo,39,69.05,No
A1025,x,bar,2,141.23,No
A1026,z,foo,34,111.7,No
A1027,x,bar,1,19.85,No
A1028,y,baz,25,151.57,No
A1029,z,baz,25,175.55,No
A1030,z,bar,48,98.84,No
A1031,,baz,9,107.22,No
A1032,x,baz,4,10.32,No
A1033,x,foo,41,41.53,No
A1034,x,bar,19,49.79,No
A1035,z,baz,27,80.58,No
A1036,z,bar,9,26.34,No
A1037,y,foo,31,61.26,No
A1038,x,bar,0,141.34,No
A1039,z,baz,59,187.2,No
A1040,x,bar,45,24.17,No
A1041,x,foo,18,66.8,No
A1042,y,baz,9,31.47,No
A1043,z,foo,16,195.81,No
A1044,y,foo,16,147.52,No
A1045,z,foo,56,48.79,No
A1046,y,baz,48,67.61,No
A1047,x,foo,6,591.53,No
A1048,z,foo,52,124.57,No
A1049,y,baz,57,83.36,No
A1050,z,foo,40,87.62,No
A1051,y,foo,2,89.73,No
A1052,y,bar,7,169.7,No
A1053,y,baz,25,28.95,No
A1054,x,bar,14,73.26,No
A1055,y,bar,46,64.44,No
A1056,,bar,11,31.05,No
A1057,y,foo,17,21.56,No
A1058,x,bar,4,395.09,No
A1059,x,bar,7,123.76,No
A1060,x,bar,19,16.37,No
A1061,,foo,5,184.57,No
A1062,z,foo,35,43.38,No
A1063,y,bar,33,339.45,No
A1064,x,baz,56,39.19,No
A1065,x,foo,8,20.06,No
A1066,z,foo,46,44.19,No
A1067,y,baz,28,53.68,No
A1068,z,foo,42,24.19,No
A1069,y,bar,2,190.35,No
A1070,z,bar,10,101.54,No
A1071,z,foo,55,78.85,No
A1072,x,foo,57,246.27,No
A1073,x,bar,42,81.63,No
A1074,,baz,52,180.98,No
A1075,z,bar,12,33.19,No
A1076,z,bar,38,77.94,No
A1077,,foo,10,79.84,No
A1078,y,bar,1,94.19,No
A1079,y,foo,46,100.54,No
A1080,,baz,58,168.25,No
A1081,x,baz,31,89.27,No
A1082,z,bar,33,187.41,No
A1083,z,baz,20,59.98,No
A1084,z,foo,30,28.5,No
A1085,x,baz,19,52.27,No
A1086,z,baz,22,89.8,No
A1087,z,foo,2,27.26,No
A1088,x,foo,8,82.13,No
A1089,x,baz,19,55.56,No
A1090,z,bar,10,95.05,No
A1091,x,baz,34,89.71,No
A1092,,bar,52,265.84,No
A1093,z,baz,16,45.6,No
A1094,,baz,51,97.14,No
A1095,x,bar,50,166.12,No
A1096,y,foo,29,25.58,No
A1097,z,baz,35,113.39,No
A1098,z,foo,47,68.15,No
A1099,y,foo,15,50.66,No
A1100,x,bar,24,41.23,No
A1101,x,bar,9,243.26,No
A1102,z,foo,7,166.86,No
A1103,x,foo,27,49.09,No
A1104,y,baz,39,157.09,No
A1105,x,bar,20,142.72,No
A1106,x,bar,30,143.1,No
A1107,z,foo,6,168.44,No
A1108,x,foo,46,337.22,No
A1109,x,foo,48,16.69,No
A1110,z,foo,11,159.0,No
A1111,,baz,53,60.6,No
A1112,x,baz,13,130.82,No
A1113,x,baz,42,37.99,No
A1114,x,foo,26,89.68,No
A1115,x,baz,33,176.57,No
A1116,z,baz,7,135.26,No
A1117,y,foo,34,209.53,No
A1118,,bar,36,116.12,No
A1119,y,foo,47,58.57,No
A1120,z,foo,56,44.79,No
A1121,y,foo,10,58.66,No
A1122,z,baz,1,82.85,No
A1123,z,foo,36,191.29,No
A1124,x,bar,48,53.33,No
A1125,y,baz,10,113.09,No
A1126,z,baz,58,83.62,No
A1127,y,baz,26,109.17,No
A1128,,baz,32,83.19,No
A1129,x,foo,12,147.8,No
A1130,z,baz,35,71.37,No
A1131,z,bar,10,44.13,No
A1132,x,bar,8,31.47,No
A1133,x,bar,30,75.23,No
A1134,y,foo,51,148.52,No
A1135,x,foo,3,50.34,No
A1136,y,baz,48,31.99,No
A1137,x,baz,46,68.4,No
A1138,,baz,4,27.63,No
A1139,x,foo,46,18.12,No
A1140,z,bar,14,78.19,No
A1141,z,foo,9,51.77,No
A1142,x,baz,18,103.18,No
A1143,y,foo,35,51.93,No
A1144,x,baz,29,79.16,No
A1145,z,baz,51,89.35,No
A1146,z,foo,38,133.45,No
A1147,z,baz,43,54.36,No
A1148,z,baz,0,100.23,No
A1149,x,baz,13,112.21,No
A1150,,baz,48,78.95,No
A1151,x,bar,36,17.21,No
A1152,x,foo,41,61.46,No
A1153,y,baz,31,56.2,No
A1154,z,foo,4,34.9,No
A1155,z,baz,3,79.79,No
A1156,x,bar,1,49.87,No
A1157,,foo,45,45.94,No
A1158,y,bar,10,40.86,No
A1159,,foo,7,134.87,No
A1160,y,bar,42,164.47,No
A1161,y,foo,7,59.67,No
A1162,y,baz,16,183.8,No
A1163,z,baz,2,33.71,No
A1164,z,baz,41,107.24,No
A1165,,foo,40,77.79,No
A1166,z,baz,11,71.9,No
A1167,z,bar,54,61.47,No
A1168,y,bar,6,36.09,No
A1169,,baz,27,259.69,No
A1170,y,baz,21,201.33,No
A1171,z,baz,55,226.15,No
A1172,y,bar,35,111.93,No
A1173,x,bar,38,18.96,No
A1174,z,bar,21,54.85,No
A1175,z,bar,8,23.12,No
A1176,x,foo,11,86.58,No
A1177,z,baz,41,100.97,No
A1178,x,baz,12,90.8,No
A1179,z,bar,20,85.65,No
A1180,x,bar,13,132.21,No
A1181,y,bar,11,118.45,No
A1182,z,bar,33,287.74,No
A1183,y,bar,47,209.33,No
A1184,y,foo,43,121.64,No
A1185,x,baz,31,100.81,No
A1186,x,bar,20,205.37,No
A1187,x,foo,39,65.51,No
A1188,x,bar,9,362.5,No
A1189,y,bar,4,109.77,No
A1190,,bar,58,123.78,No
A1191,y,foo,2,124.07,No
A1192,,bar,47,243.12,No
A1193,x,bar,27,60.81,No
A1194,z,baz,12,219.79,No
A1195,z,bar,51,80.32,No
A1196,x,bar,19,97.4,No
A1197,,baz,46,62.22,No
A1198,y,bar,17,3.06,No
A1199,z,foo,5,113.66,No
A1200,z,foo,45,172.38,No
A1201,z,baz,17,30.79,No
A1202,z,baz,48,205.04,No
A1203,x,baz,27,72.88,No
A1204,y,foo,1,52.97,No
A1205,y,baz,57,238.97,No
A1206,z,baz,41,228.97,No
A1207,x,foo,30,38.3,No
A1208,,bar,39,99.64,No
A1209,y,foo,19,18.07,No
A1210,y,baz,20,76.33,No
A1211,x,baz,53,290.27,No
A1212,y,bar,50,76.29,No
A1213,x,foo,26,180.81,No
A1214,z,foo,44,141.53,No
A1215,z,baz,35,97.45,No
A1216,z,baz,29,86.3,No
A1217,y,foo,44,83.21,No
A1218,y,foo,38,56.28,No
A1219,,foo,48,237.57,No
A1220,x,bar,34,29.49,No
A1221,z,bar,54,18.92,No
A1222,y,baz,19,39.44,No
A1223,x,bar,43,118.75,No
A1224,z,foo,24,75.27,No
A1225,y,baz,1,85.37,No
A1226,x,baz,35,79.68,No
A1227,z,baz,10,243.79,No
A1228,z,bar,51,134.05,No
A1229,z,bar,53,66.65,No
A1230,z,foo,41,45.0,No
A1231,x,foo,21,225.2,No
A1232,z,baz,22,64.76,No
A1233,y,bar,10,99.47,No
A1234,z,bar,3,94.83,No
A1235,z,bar,58,73.31,No
A1236,x,foo,53,78.38,No
A1237,z,baz,2,106.03,No
A1238,z,baz,12,135.9,No
A1239,y,baz,45,84.51,No
A1240,y,foo,58,69.71,No
A1241,x,baz,57,102.76,No
A1242,y,baz,13,79.22,No
A1243,,bar,47,159.51,No
A1244,x,bar,0,106.43,No
A1245,x,bar,17,93.83,No
A1246,z,baz,14,62.48,No
A1247,y,baz,47,14.66,No
A1248,x,bar,37,68.55,No
A1249,y,bar,39,62.2,No
A1250,z,foo,46,121.14,No
A1251,z,foo,11,146.23,No
A1252,x,bar,19,76.17,No
A1253,z,bar,25,63.24,No
A1254,z,foo,50,69.99,No
A1255,z,foo,24,91.45,No
A1256,z,bar,15,109.15,No
A1257,y,bar,20,46.04,No
A1258,,baz,35,160.82,No
A1259,y,baz,23,36.56,No
A1260,x,bar,11,33.97,No
A1261,y,bar,41,60.21,No
A1262,x,foo,3,42.78,No
A1263,z,bar,50,117.72,No
A1264,x,baz,32,151.73,No
A1265,,bar,59,69.9,No
A1266,z,bar,33,28.73,No
A1267,z,baz,30,32.2,No
A1268,x,baz,34,120.55,No
A1269,x,bar,54,73.28,No
A1270,z,baz,32,25.13,No
A1271,z,baz,19,107.64,No
A1272,x,bar,33,137.15,No
A1273,y,baz,5,20.36,No
A1274,y,baz,50,125.17,No
A1275,z,bar,12,17.53,No
A1276,z,foo,16,17.91,No
A1277,x,foo,7,102.73,No
A1278,y,baz,42,158.34,No
A1279,z,foo,48,24.9,No
A1280,y,foo,19,39.08,No
A1281,x,baz,32,5.95,No
A1282,x,baz,14,92.26,No
A1283,z,foo,26,109.97,No
A1284,z,foo,6,44.45,No
A1285,,foo,51,118.96,No
A1286,y,foo,14,120.82,No
A1287,y,foo,29,14.29,No
A1288,,foo,12,110.73,No
A1289,,foo,18,202.99,No
A1290,x,bar,48,53.49,No
A1291,,foo,19,32.04,No
A1292,y,baz,7,180.79,No
A1293,x,bar,19,66.74,No
A1294,x,baz,38,38.02,No
A1295,,baz,10,64.54,No
A1296,y,foo,57,39.06,No
A1297,z,baz,19,23.24,No
A1298,z,foo,27,92.03,No
A1299,z,baz,24,87.03,No
A1300,,bar,50,100.94,No
A1301,z,baz,52,189.68,No
A1302,z,bar,56,33.26,No
A1303,y,bar,45,72.8,No
A1304,z,foo,5,321.73,No
A1305,,baz,9,107.81,No
A1306,z,bar,59,109.66,No
A1307,x,bar,29,38.22,No
A1308,z,foo,33,68.57,No
A1309,y,foo,3,94.42,No
A1310,y,foo,46,83.21,No
A1311,,baz,35,25.85,No
A1312,z,baz,59,81.69,No
A1313,x,foo,42,175.03,No
A1314,x,bar,58,35.38,No
A1315,y,bar,1,151.3,No
A1316,y,baz,46,67.21,No
A1317,x,bar,28,75.69,No
A1318,z,foo,3,224.0,No
A1319,x,bar,52,179.2,No
A1320,y,bar,32,153.7,No
A1321,x,bar,34,90.75,No
A1322,y,baz,43,199.22,No
A1323,,foo,47,87.59,No
A1324,x,baz,41,158.99,No
A1325,z,foo,8,20.78,No
A1326,x,bar,14,65.66,No
A1327,,foo,53,31.31,No
A1328,x,baz,22,139.71,No
A1329,x,bar,19,49.5,No
A1330,x,baz,0,26.06,No
A1331,y,baz,10,251.49,No
A1332,,baz,5,16.01,No
A1333,y,baz,23,22.06,No
A1334,z,baz,49,248.6,No
A1335,z,foo,55,131.3,No
A1336,y,bar,56,93.89,No
A1337,y,bar,3,78.65,No
A1338,x,foo,54,137.71,No
A1339,x,baz,0,29.93,No
A1340,x,bar,36,100.47,No
A1341,x,baz,53,52.81,No
A1342,z,foo,0,95.43,No
A1343,,foo,51,32.47,No
A1344,x,baz,0,89.04,No
A1345,x,baz,31,43.35,No
A1346,z,bar,33,26.09,No
A1347,,bar,40,81.64,No
A1348,y,foo,21,19.39,No
A1349,y,bar,41,117.73,No
A1350,y,foo,10,87.4,No
A1351,y,baz,12,350.39,No
A1352,z,bar,46,73.59,No
A1353,z,bar,57,42.14,No
A1354,,foo,54,43.12,No
A1355,z,foo,29,48.31,No
A1356,y,bar,28,57.7,No
A1357,x,foo,17,71.3,No
A1358,x,baz,23,55.79,No
A1359,x,baz,20,79.7,No
A1360,z,bar,59,30.32,No
A1361,z,foo,8,66.63,No
A1362,y,baz,1,135.68,No
A1363,y,bar,19,45.85,No
A1364,y,foo,36,63.79,No
A1365,y,foo,43,78.83,No
A1366,y,bar,27,49.29,No
A1367,y,foo,16,160.65,No
A1368,z,baz,28,90.77,No
A1369,y,bar,0,131.49,No
A1370,y,bar,5,269.45,No
A1371,y,foo,51,215.45,No
A1372,x,baz,53,89.57,No
A1373,z,foo,39,105.75,No
A1374,y,bar,55,39.96,No
A1375,z,foo,39,50.42,No
A1376,y,foo,3,22.71,No
A1377,,bar,54,188.55,No
A1378,z,baz,0,67.26,No
A1379,x,foo,32,94.78,No
A1380,x,foo,2,198.11,No
A1381,y,foo,8,131.67,No
A1382,y,bar,35,7.59,No
A1383,x,bar,29,240.08,No
A1384,x,baz,31,104.08,No
A1385,z,bar,44,13.86,No
A1386,y,bar,36,26.32,No
A1387,z,baz,1,209.51,No
A1388,y,baz,48,49.36,No
A1389,z,bar,4,70.24,No
A1390,z,bar,20,135.24,No
A1391,,foo,24,98.86,No
A1392,,foo,12,20.11,No
A1393,x,baz,19,206.47,No
A1394,y,bar,17,150.6,No
A1395,y,foo,50,49.57,No
A1396,z,foo,20,123.87,No
A1397,z,foo,41,60.99,No
A1398,x,foo,30,504.75,No
A1399,z,foo,15,132.37,No
A1400,y,bar,5,42.71,No
A1401,y,foo,47,75.89,No
A1402,x,baz,41,101.98,No
A1403,y,bar,37,176.76,No
A1404,z,baz,36,9.29,No
A1405,z,foo,31,108.24,No
A1406,y,baz,48,74.06,No
A1407,,foo,22,31.71,No
A1408,z,foo,27,152.78,No
A1409,x,baz,2,170.99,No
A1410,z,foo,5,30.91,No
A1411,z,bar,30,91.2,No
A1412,z,foo,30,49.81,No
A1413,x,bar,55,37.71,No
A1414,z,foo,1,51.04,No
A1415,y,foo,5,148.66,No
A1416,z,foo,38,87.0,No
A1417,z,baz,11,25.19,No
A1418,,bar,25,26.65,No
A1419,z,foo,40,19.19,No
A1420,y,baz,36,45.62,No
A1421,y,baz,18,70.79,No
A1422,y,bar,23,29.75,No
A1423,x,foo,21,208.24,No
A1424,y,foo,33,39.39,No
A1425,z,foo,44,26.03,No
A1426,x,baz,16,125.37,No
A1427,y,baz,49,187.76,No
A1428,x,foo,53,37.37,No
A1429,y,foo,41,21.15,No
A1430,y,foo,43,58.39,No
A1431,y,baz,55,131.38,No
A1432,y,foo,55,158.87,No
A1433,x,baz,39,209.19,No
A1434,,foo,35,84.5,No
A1435,z,bar,29,35.45,No
A1436,z,baz,6,192.24,No
A1437,y,bar,37,76.97,No
A1438,x,baz,59,106.3,No
A1439,,baz,4,102.46,No
A1440,y,foo,34,245.37,No
A1441,x,bar,42,130.3,No
A1442,y,foo,2,135.54,No
A1443,,foo,45,94.27,No
A1444,x,bar,46,36.62,No
A1445,y,bar,49,66.39,No
A1446,x,foo,4,148.65,No
A1447,z,foo,15,45.05,No
A1448,z,baz,1,94.99,No
A1449,x,foo,29,74.69,No
A1450,y,baz,4,111.49,No
A1451,y,foo,16,75.68,No
A1452,x,foo,16,126.44,No
A1453,y,bar,51,49.72,No
A1454,z,foo,42,169.4,No
A1455,y,baz,26,129.58,No
A1456,x,foo,0,100.73,No
A1457,x,baz,32,31.04,No
A1458,x,baz,12,26.19,No
A1459,y,bar,53,67.88,No
A1460,x,foo,18,28.46,No
A1461,z,bar,58,61.86,No
A1462,y,baz,55,114.32,No
A1463,z,baz,2,168.33,No
A1464,,baz,52,67.33,No
A1465,y,baz,24,47.9,No
A1466,y,bar,53,26.83,No
A1467,z,baz,10,68.34,No
A1468,,baz,32,76.91,No
A1469,,bar,49,168.86,No
A1470,x,foo,20,70.14,No
A1471,x,foo,0,160.82,No
A1472,z,foo,46,110.35,No
A1473,z,baz,29,48.55,No
A1474,z,foo,32,79.85,No
A1475,z,foo,49,67.5,No
A1476,x,baz,28,116.06,No
A1477,,bar,43,54.98,No
A1478,z,foo,23,58.28,No
A1479,y,baz,31,80.75,No
A1480,z,foo,54,60.93,No
A1481,z,bar,7,62.75,No
A1482,z,bar,31,58.35,No
A1483,x,baz,48,28.12,No
A1484,z,bar,38,94.88,No
A1485,z,foo,53,224.59,No
A1486,x,bar,38,88.91,No
A1487,x,baz,25,37.56,No
A1488,z,baz,9,152.56,No
A1489,z,bar,35,105.19,No
A1490,z,bar,40,145.6,No
A1491,x,bar,18,134.59,No
A1492,x,foo,32,177.61,No
A1493,y,bar,25,15.2,No
A1494,x,bar,14,56.46,No
A1495,x,foo,26,159.91,No
A1496,x,baz,34,47.05,No
A1497,z,baz,28,35.1,No
A1498,z,bar,56,52.38,No
A1499,z,bar,16,55.04,No
A1500,z,bar,32,185.47,No
